<?xml version="1.0" ?>
<!DOCTYPE cache SYSTEM "cachespec.dtd">
<cache>
  <!-- cachespec.xml for WP on WAS6.1; the WAS 6.1 cachespec syntax for portlets does not allow
       sufficient customization, so we need to use a custom ID generator to handle the entire
       ID and dependency/invalidation processing -->
	<cache-entry>
		<class>portlet</class>
		<name>*</name>
	    <sharing-policy>not-shared</sharing-policy>
		<property name="consume-subfragments">true</property>
		<cache-id>
			<idgenerator>com.ibm.wps.pe.pc.waspc.cache.FragmentCacheIdGenerator</idgenerator>
		</cache-id>
	</cache-entry>
</cache>