<?xml version="1.0" encoding="UTF-8"?>
<actions>
    <!-- action for Portal - expand ProfileEnhancements-->
    <!-- action path="actions/unzipPortalConfigToDmgr.ant" priority="40" isFatal="true"/ -->

    <action path="actions/fixupPortalConfigOnDmgr.ant" priority="42" isFatal="true">
        <argument key="profileName" values="1" required="true" >
            <defaulter path="defaulters/profileNameDefaulter.ijc" priority="10"/>
            <validator path="validators/profileNameValidator.ijc"/>
            <validator path="validators/noSpacesValidator.ijc"/>
            <validator path="validators/noInvalidCharactersValidator.ijc"/>
        </argument>
        <argument key="profilePath" values="1" required="true" >
            <defaulter path="defaulters/profileLocationDefaulter.ijc" priority="20"/>
            <validator path="validators/noStartingOrTrailingSpacesValidator.ijc"/>
            <validator path="validators/nonRootUserValidator.ijc"/>
            <validator path="validators/directoryValidator.ijc"/>
            <validator path="validators/diskSpaceValidator.ijc"/>
            <validator path="validators/profilePathLengthValidator.ijc"/>
        </argument>
    </action>
</actions>
