<?xml version='1.0' encoding='utf-8'?>
<!-- ***************************************************************** -->
<!--                                                                   -->
<!-- IBM Confidential                                                  -->
<!--                                                                   -->
<!-- OCO Source Materials                                              -->
<!--                                                                   -->
<!-- (C) Copyright IBM Corp. 2006                                      -->
<!--                                                                   -->
<!-- The source code for this program is not published or otherwise    -->
<!-- divested of its trade secrets, irrespective of what has been      -->
<!-- deposited with the U.S. Copyright Office.                         -->
<!--                                                                   -->
<!-- ***************************************************************** -->


<!--  WorkSpace Meta Data for WKPLC Registry  -->

<metadata>
	<metadata-name>WKPLC</metadata-name>
	<contexts>
		<context>
			<context-name>cells</context-name>
			<child-document-names>
				<child-document-name>Registry</child-document-name>
			</child-document-names>
		</context>
		<context>
			<context-name>nodes</context-name>
			<child-document-names>
				<child-document-name>Registry</child-document-name>
			</child-document-names>
		</context>
		<context>
			<context-name>servers</context-name>
			<child-document-names>
				<child-document-name>Registry</child-document-name>
			</child-document-names>
		</context>
	</contexts>
	
	<documents>
		<document>
      		<document-name>Registry</document-name>
      		<file-pattern>registry.xml</file-pattern>
      		<root-refobject-types>
        			<root-refobject-type>NodeCompRegistryCollection</root-refobject-type>
        			<root-refobject-type>CellCompRegistryCollection</root-refobject-type>
      		</root-refobject-types>
    		</document>
	</documents>
</metadata>
